filename,grammar_score
test_speech_0001.wav,1.9509141510663737
test_speech_0002.wav,4.067576219279833
test_speech_0003.wav,4.858238758840943
test_speech_0004.wav,2.95413464777167
test_speech_0005.wav,1.8116365644021677
test_speech_0006.wav,3.9901109209950487
test_speech_0007.wav,2.0613761019635692
test_speech_0008.wav,4.80113744312802
test_speech_0009.wav,2.9815203253896447
test_speech_0010.wav,3.0534620798006635
test_speech_0011.wav,4.0316601432834265
test_speech_0012.wav,4.048419838960665
test_speech_0013.wav,3.9316866119336136
test_speech_0014.wav,1.9181800614660203
test_speech_0015.wav,4.0667375300736035
test_speech_0016.wav,3.901801581282789
test_speech_0017.wav,2.981272067357398
test_speech_0018.wav,3.0367153452387114
test_speech_0019.wav,2.9852016790802107
test_speech_0020.wav,1.033301706582614
test_speech_0021.wav,4.893334678465541
test_speech_0022.wav,2.9728432170915235
test_speech_0023.wav,3.9531205460571575
test_speech_0024.wav,1.9316186501949306
test_speech_0025.wav,2.899283916211524
test_speech_0026.wav,2.9272154639522436
test_speech_0027.wav,1.9470893372965967
test_speech_0028.wav,3.9950318233892
test_speech_0029.wav,3.0167406187762054
test_speech_0030.wav,3.950511223474571
test_speech_0031.wav,1.9071684997056155
test_speech_0032.wav,1.8635228038167044
test_speech_0033.wav,2.026104779291816
test_speech_0034.wav,3.9373397346565673
test_speech_0035.wav,1.9744090111665311
test_speech_0036.wav,2.0770642689398695
test_speech_0037.wav,2.940086651464471
test_speech_0038.wav,3.17672623287062
test_speech_0039.wav,2.9591433988432922
test_speech_0040.wav,2.0030891098856145
test_speech_0041.wav,3.7837067360818932
test_speech_0042.wav,4.001692243909689
test_speech_0043.wav,1.1579209248951243
test_speech_0044.wav,2.9679106044217205
test_speech_0045.wav,3.055671418085111
test_speech_0046.wav,3.024627783744128
test_speech_0047.wav,3.0742789150707686
test_speech_0048.wav,2.880711014106223
test_speech_0049.wav,2.0369865269665652
test_speech_0050.wav,3.030663399833599
test_speech_0051.wav,2.9858329477152235
test_speech_0052.wav,3.0299814842892125
test_speech_0053.wav,3.0353151398104092
test_speech_0054.wav,3.9824592089037525
test_speech_0055.wav,3.9000621917255605
test_speech_0056.wav,4.824205170177377
test_speech_0057.wav,3.986652978060981
test_speech_0058.wav,1.9537733270579398
test_speech_0059.wav,1.9794114012006596
test_speech_0060.wav,1.9548628736393132
test_speech_0061.wav,1.0638026030368282
test_speech_0062.wav,3.987123553555434
test_speech_0063.wav,1.9057657357987818
test_speech_0064.wav,3.9432874664180817
test_speech_0065.wav,1.8467681521575037
test_speech_0066.wav,2.927462152636589
test_speech_0067.wav,3.0109381309508136
test_speech_0068.wav,3.0533404107979942
test_speech_0069.wav,4.907820721656136
test_speech_0070.wav,4.875902886669896
test_speech_0071.wav,2.996931699193852
test_speech_0072.wav,1.0893242481296488
test_speech_0073.wav,2.948637349799518
test_speech_0074.wav,1.948850175522542
test_speech_0075.wav,3.888913069071303
test_speech_0076.wav,1.9726481626960037
test_speech_0077.wav,3.8472119518733585
test_speech_0078.wav,3.0061252182735148
test_speech_0079.wav,0.9509986089144377
test_speech_0080.wav,2.976861502490257
test_speech_0081.wav,1.026516750844439
test_speech_0082.wav,3.9449963926631524
test_speech_0083.wav,3.9522612317854486
test_speech_0084.wav,1.9570896778947953
test_speech_0085.wav,2.9696639556975333
test_speech_0086.wav,3.0016526096208986
test_speech_0087.wav,4.035521695882391
test_speech_0088.wav,2.9950990501115
test_speech_0089.wav,3.0840969215609673
test_speech_0090.wav,1.0060956599712234
test_speech_0091.wav,3.8377749300383543
test_speech_0092.wav,1.962580855375936
test_speech_0093.wav,2.027438903145856
test_speech_0094.wav,2.001057095552243
test_speech_0095.wav,2.983077693166937
test_speech_0096.wav,3.946838960265784
test_speech_0097.wav,3.0262985778938134
test_speech_0098.wav,2.999110394742728
test_speech_0099.wav,4.828759684299145
test_speech_0100.wav,3.9227851960919455
test_speech_0101.wav,3.0428950221619115
test_speech_0102.wav,4.890081702881243
test_speech_0103.wav,3.9596435600275885
test_speech_0104.wav,1.8752015866166172
test_speech_0105.wav,1.9225824666619906
test_speech_0106.wav,0.7803914091729566
test_speech_0107.wav,1.954804479410429
test_speech_0108.wav,1.9106025790603163
test_speech_0109.wav,2.941186416995544
test_speech_0110.wav,2.9476305624972152
test_speech_0111.wav,3.9515098191177103
test_speech_0112.wav,3.9460606662180915
test_speech_0113.wav,3.0237053058129546
test_speech_0114.wav,3.086647663054154
test_speech_0115.wav,4.908519605773684
test_speech_0116.wav,4.92990863802451
test_speech_0117.wav,2.9590851021432636
test_speech_0118.wav,2.878797072947724
test_speech_0119.wav,4.837498174455724
test_speech_0120.wav,2.989133933927974
test_speech_0121.wav,4.771484168191771
test_speech_0122.wav,4.037189435256677
test_speech_0123.wav,3.0496495289886223
test_speech_0124.wav,1.9486603531639837
test_speech_0125.wav,3.003307114782462
test_speech_0126.wav,1.880307562605185
test_speech_0127.wav,4.001940481962265
test_speech_0128.wav,4.062155990341047
test_speech_0129.wav,1.9916942633378265
test_speech_0130.wav,4.933364417950063
test_speech_0131.wav,1.9341532088129152
test_speech_0132.wav,2.9973692928815616
test_speech_0133.wav,1.9167622155295652
test_speech_0134.wav,4.887862565583633
test_speech_0135.wav,1.851278167380236
test_speech_0136.wav,1.9912039271657083
test_speech_0137.wav,2.972778343829149
test_speech_0138.wav,2.061224504227725
test_speech_0139.wav,3.9400961080570647
test_speech_0140.wav,3.0051998476304065
test_speech_0141.wav,1.1373978725550784
test_speech_0142.wav,2.9905055643845992
test_speech_0143.wav,3.0726401451768073
test_speech_0144.wav,3.9181244918364575
test_speech_0145.wav,1.9923296558995844
test_speech_0146.wav,4.890116170530046
test_speech_0147.wav,3.0179695107291
test_speech_0148.wav,3.061428443379033
test_speech_0149.wav,4.839761149163364
test_speech_0150.wav,2.910611150793858
test_speech_0151.wav,4.876783264477464
test_speech_0152.wav,4.944301386516419
test_speech_0153.wav,3.9896367572243774
test_speech_0154.wav,4.92220612503251
test_speech_0155.wav,3.938780833791708
test_speech_0156.wav,1.9192603801346562
test_speech_0157.wav,4.773680479891887
test_speech_0158.wav,1.9901931950826408
test_speech_0159.wav,3.978320923300963
test_speech_0160.wav,3.963243996932346
test_speech_0161.wav,1.919153155920453
test_speech_0162.wav,1.9639258053206863
test_speech_0163.wav,3.022165777191611
test_speech_0164.wav,1.0365005878011706
test_speech_0165.wav,3.9988460049679055
test_speech_0166.wav,1.8978031266763218
test_speech_0167.wav,3.9359901868455274
test_speech_0168.wav,0.9949079949862936
test_speech_0169.wav,1.8887392817977564
test_speech_0170.wav,3.0250785864767487
test_speech_0171.wav,1.1367602562220651
test_speech_0172.wav,1.9278762130938423
test_speech_0173.wav,4.836356803880623
test_speech_0174.wav,2.925805325011262
test_speech_0175.wav,1.9172808185223684
test_speech_0176.wav,3.0224793834480472
test_speech_0177.wav,3.0180640941880883
test_speech_0178.wav,1.8425773238343313
test_speech_0179.wav,3.0603568266096945
test_speech_0180.wav,3.0167454382276584
test_speech_0181.wav,2.9790043364922196
test_speech_0182.wav,1.821227314364751
test_speech_0183.wav,3.0070904190953085
test_speech_0184.wav,3.9339058915763645
test_speech_0185.wav,2.934746651950852
test_speech_0186.wav,4.057462926309474
test_speech_0187.wav,3.9606025180181574
test_speech_0188.wav,2.9787932674952384
test_speech_0189.wav,1.063121333546552
test_speech_0190.wav,1.180080553190469
test_speech_0191.wav,2.940715004912512
test_speech_0192.wav,1.9779038350508371
test_speech_0193.wav,1.9103279745777346
test_speech_0194.wav,3.8963122453223713
test_speech_0195.wav,1.0186045652953892
test_speech_0196.wav,3.9800707940250635
test_speech_0197.wav,1.9992154671594817
test_speech_0198.wav,2.9481074548987016
test_speech_0199.wav,2.956010899411811
test_speech_0200.wav,4.026462455183771
test_speech_0201.wav,1.9055625291147462
test_speech_0202.wav,3.912260283785714
test_speech_0203.wav,1.0932479776336392
test_speech_0204.wav,3.915825715824344
test_speech_0205.wav,4.910850189438702
test_speech_0206.wav,4.891416661511394
test_speech_0207.wav,1.0039348972864357
test_speech_0208.wav,1.957298511582225
test_speech_0209.wav,3.9602745259170415
test_speech_0210.wav,2.9946382206518347
test_speech_0211.wav,2.9867753413471103
test_speech_0212.wav,2.9774617611216896
test_speech_0213.wav,2.989500164763338
test_speech_0214.wav,1.930080767753433
test_speech_0215.wav,2.9694061295467287
test_speech_0216.wav,4.013064072005696
